ENTREZID,logFC
915,0.194463098
916,0.811380418
917,1.121057225
919,3.153302069
925,2.306347302
3932,0.725243085
2534,1.121978605
7535,0.972992969
3937,0.941730238
3702,2.981597943
4690,1.072060151
7409,0.648448808
9402,0.427363224
5058,-0.726388114
10298,0.213220471
5603,-1.669540085
5335,0.63288064
5530,-0.446070816
5533,1.210272698
4772,0.303997679
4775,-0.364321531
6654,0.356732725
10125,2.06677556
3265,-0.591166957
5894,0.407184443
5604,0.671079954
5605,-0.473545462
3725,-0.74846968
5588,0.828481701
84433,1.586418323
10892,0.416252116
5609,-0.158275693
5599,-0.22366372
4790,1.171230545
5970,0.471198218
4792,1.201103436
4794,0.969040977
940,0.449490508
29851,1.369682181
959,0.219459799
5295,-0.510155625
5296,-0.72864219
5293,0.683189026
5170,-0.480481775
1326,1.192017383
1493,0.65087202
5777,-0.779498244
3586,1.614390009
3458,0.488253083
1019,-0.883778622
